{"main_loss": 0.25611339265505473, "aux_loss": 0.6580266958872477, "g_main_norm": 9.668933180745443, "epoch": 99, "_timestamp": 1740022694.4973884, "_runtime": 422.0287432670593, "_step": 99, "_wandb": {"runtime": 423}}