{"main_loss": 0.2364807474454244, "aux_loss": 1.3704648597081501, "g_main_norm": 4.728617270914714, "epoch": 78, "_timestamp": 1740031368.6910374, "_runtime": 340.8655095100403, "_step": 78}