{"main_loss": 0.23053374886512756, "aux_loss": 2.6539671421051025, "train_accuracy": 94.79, "test_accuracy": 94.36, "step": 1160, "_timestamp": 1740191733.7263753, "_runtime": 275.2223973274231, "_step": 117, "g_main_norm": 1.7693170309066772, "_wandb": {"runtime": 280}}