{"main_loss": 0.2328738421201706, "aux_loss": 2.595141887664795, "train_accuracy": 95.83666666666667, "test_accuracy": 95.38, "step": 1471, "_timestamp": 1740039349.6621132, "_runtime": 5798.4771893024445, "_step": 2943, "g_main_norm": 2.238680362701416}