{"main_loss": 0.2509344816207886, "aux_loss": 2.527576446533203, "train_accuracy": 94.66833333333334, "test_accuracy": 94.21, "step": 1160, "_timestamp": 1740192907.3465915, "_runtime": 274.238564491272, "_step": 117, "g_main_norm": 2.139209747314453, "_wandb": {"runtime": 279}}