{"main_loss": 0.3383255479971568, "aux_loss": -0.9181042976379394, "g_main_norm": 34.4171475382487, "epoch": 52, "_timestamp": 1740021992.7296243, "_runtime": 232.6242983341217, "_step": 52}