{"main_loss": 0.2466947591781616, "aux_loss": 0.898108899529775, "g_main_norm": 8.24992721862793, "epoch": 56, "_timestamp": 1740022952.320078, "_runtime": 239.6896629333496, "_step": 56}