{"main_loss": 0.2252785201072693, "aux_loss": 1.9433751032511393, "g_main_norm": 3.259238058980306, "epoch": 3, "_timestamp": 1740023052.4274588, "_runtime": 24.610033750534058, "_step": 3}