{"main_loss": 0.3215767090002696, "aux_loss": -0.1908921761194865, "g_main_norm": 15.776319325764973, "epoch": 21, "_timestamp": 1740022231.854715, "_runtime": 99.25028419494629, "_step": 21}