{"main_loss": 0.18382593989372253, "aux_loss": 1.2969865798950195, "train_accuracy": 95.9, "test_accuracy": 95.81, "step": 23480, "_timestamp": 1740094281.618442, "_runtime": 5395.197849988937, "_step": 2349, "g_main_norm": 3.3559188842773438, "_wandb": {"runtime": 5400}}