{"main_loss": 0.31253717710177104, "aux_loss": 0.05753847745259603, "g_main_norm": 12.452573630777994, "epoch": 17, "_timestamp": 1740021731.8235798, "_runtime": 86.53126287460327, "_step": 17}