{"main_loss": 0.22150559723377228, "aux_loss": 4.33574104309082, "train_accuracy": 92.95333333333333, "test_accuracy": 92.73, "step": 60, "_timestamp": 1740187824.7829163, "_runtime": 23.088341236114502, "_step": 7, "g_main_norm": 0.40068939328193665}